{
  "id": "burnless-bench-v2-simulated",
  "timestamp": "20260504T184048Z",
  "params": {
    "runs": 30,
    "turns": 100,
    "prefix_tokens": 23000,
    "seed": 42,
    "scenarios": [
      "A1",
      "A2",
      "B",
      "Z"
    ],
    "user_input_range": [
      2000,
      10000
    ],
    "output_range": [
      200,
      1500
    ],
    "alpha_range": [
      0.2,
      0.3
    ],
    "brain_output": 200,
    "worker_mix": {
      "opus": 0.07,
      "sonnet": 0.3,
      "haiku": 0.63
    }
  },
  "prices_usd_per_mtok": {
    "opus": {
      "in": 15.0,
      "cw": 18.75,
      "cr": 1.5,
      "out": 75.0
    },
    "sonnet": {
      "in": 3.0,
      "cw": 3.75,
      "cr": 0.3,
      "out": 15.0
    },
    "haiku": {
      "in": 0.8,
      "cw": 1.0,
      "cr": 0.08,
      "out": 4.0
    }
  },
  "results": {
    "A1": {
      "n": 30,
      "mean": 532.611,
      "median": 528.9499,
      "p10": 512.5405,
      "p90": 558.3562,
      "stdev": 18.3976,
      "min": 507.1678,
      "max": 577.2855
    },
    "A2": {
      "n": 30,
      "mean": 105.4157,
      "median": 105.2577,
      "p10": 101.3934,
      "p90": 110.5655,
      "stdev": 3.9843,
      "min": 95.8407,
      "max": 114.3978
    },
    "B": {
      "n": 30,
      "mean": 328.7428,
      "median": 328.0805,
      "p10": 291.4482,
      "p90": 375.357,
      "stdev": 31.1638,
      "min": 276.5961,
      "max": 409.1853
    },
    "Z": {
      "n": 30,
      "mean": 33.3514,
      "median": 33.1043,
      "p10": 31.6832,
      "p90": 35.1754,
      "stdev": 1.5852,
      "min": 30.084,
      "max": 36.8786
    }
  },
  "raw_costs_usd": {
    "A1": [
      515.493735,
      523.193085,
      534.593025,
      545.561985,
      538.40556,
      525.49623,
      512.11416,
      551.29428,
      552.773385,
      555.27159,
      541.87641,
      515.974965,
      516.443865,
      539.63037,
      525.53508,
      572.406285,
      537.542625,
      515.93865,
      539.150085,
      532.364745,
      517.87194,
      512.54052,
      522.18126,
      507.167775,
      524.35506,
      537.07416,
      522.597795,
      558.356205,
      577.28547,
      507.839355
    ],
    "A2": [
      108.19674,
      104.916186,
      102.055212,
      103.304112,
      106.421322,
      114.397821,
      107.550135,
      101.170224,
      108.983646,
      104.458431,
      103.100199,
      101.738703,
      110.565531,
      100.757622,
      101.393376,
      113.208858,
      103.768488,
      108.33726,
      102.242229,
      101.430321,
      110.395095,
      105.443649,
      108.273717,
      107.971068,
      105.26199,
      106.997607,
      103.481439,
      105.253404,
      105.555897,
      95.840709
    ],
    "B": [
      342.296757,
      362.079549,
      347.427087,
      382.250331,
      317.582076,
      375.357039,
      276.596085,
      316.282131,
      330.388128,
      337.686459,
      299.795613,
      344.973936,
      305.947185,
      344.983662,
      322.496475,
      344.773554,
      291.448194,
      317.853723,
      358.739517,
      325.772853,
      335.923599,
      295.965081,
      289.973175,
      296.384049,
      281.199681,
      409.185273,
      336.846039,
      305.819925,
      313.551273,
      352.705134
    ],
    "Z": [
      35.080334,
      32.877381,
      32.660752,
      33.163013,
      33.081019,
      35.043654,
      33.170804,
      34.639287,
      31.740228,
      32.361726,
      30.083958,
      36.878617,
      36.573624,
      30.806691,
      34.692537,
      32.504484,
      32.795705,
      31.683207,
      33.672026,
      34.847364,
      32.400192,
      33.127488,
      35.045305,
      32.456308,
      31.432243,
      35.17537,
      32.616488,
      33.898276,
      32.617807,
      33.41751
    ]
  }
}
