{
  "id": "burnless-bench-v2-simulated",
  "timestamp": "20260503T152903Z",
  "params": {
    "runs": 5,
    "turns": 20,
    "prefix_tokens": 23000,
    "seed": 42,
    "scenarios": [
      "A1",
      "A2",
      "B",
      "Z"
    ],
    "user_input_range": [
      2000,
      10000
    ],
    "output_range": [
      200,
      1500
    ],
    "alpha_range": [
      0.2,
      0.3
    ],
    "brain_output": 200,
    "worker_mix": {
      "opus": 0.07,
      "sonnet": 0.3,
      "haiku": 0.63
    }
  },
  "prices_usd_per_mtok": {
    "opus": {
      "in": 15.0,
      "cw": 18.75,
      "cr": 1.5,
      "out": 75.0
    },
    "sonnet": {
      "in": 3.0,
      "cw": 3.75,
      "cr": 0.3,
      "out": 15.0
    },
    "haiku": {
      "in": 0.8,
      "cw": 1.0,
      "cr": 0.08,
      "out": 4.0
    }
  },
  "results": {
    "A1": {
      "n": 5,
      "mean": 23.5962,
      "median": 23.3333,
      "p10": 22.6002,
      "p90": 25.4035,
      "stdev": 1.1324,
      "min": 22.6002,
      "max": 25.4035
    },
    "A2": {
      "n": 5,
      "mean": 4.6179,
      "median": 4.6343,
      "p10": 4.2338,
      "p90": 4.8969,
      "stdev": 0.2858,
      "min": 4.2338,
      "max": 4.8969
    },
    "B": {
      "n": 5,
      "mean": 13.5935,
      "median": 12.9693,
      "p10": 10.1369,
      "p90": 18.5806,
      "stdev": 3.2305,
      "min": 10.1369,
      "max": 18.5806
    },
    "Z": {
      "n": 5,
      "mean": 2.8212,
      "median": 3.0484,
      "p10": 2.1214,
      "p90": 3.5011,
      "stdev": 0.6157,
      "min": 2.1214,
      "max": 3.5011
    }
  },
  "raw_costs_usd": {
    "A1": [
      23.33328,
      22.60023,
      23.89287,
      22.751235,
      25.40352
    ],
    "A2": [
      4.896945,
      4.233825,
      4.44177,
      4.634325,
      4.882632
    ],
    "B": [
      18.580572,
      11.704377,
      12.969345,
      10.136886,
      14.57652
    ],
    "Z": [
      2.221817,
      3.048425,
      3.501105,
      3.212973,
      2.121449
    ]
  }
}
